citation_precision,citation_recall,f_measure,hit_at_k,n_queries
0.6026675485008819,0.9472222222222223,0.6889045753629087,0.9791666666666666,144
