citation_precision,citation_recall,f_measure,hit_at_k,n_queries
0.640162037037037,0.8569444444444444,0.6977017195767196,0.8958333333333334,144
