citation_precision,citation_recall,f_measure,hit_at_k,n_queries
0.5901620370370372,0.8474537037037037,0.6621527777777779,0.8819444444444444,144
