citation_precision,citation_recall,f_measure,hit_at_k,n_queries
0.5991898148148148,0.8648148148148148,0.6735119047619048,0.8958333333333334,144
