citation_precision,citation_recall,f_measure,hit_at_k,n_queries
0.6005787037037036,0.8497685185185184,0.6711970899470899,0.8819444444444444,144
