citation_precision,citation_recall,f_measure,hit_at_k,n_queries
0.595601851851852,0.8405092592592592,0.6660052910052909,0.875,144
