citation_precision,citation_recall,f_measure,hit_at_k,n_queries
0.7008101851851851,0.8881944444444445,0.752199074074074,0.9305555555555556,144
