citation_precision,citation_recall,f_measure,hit_at_k,n_queries
0.6962962962962962,0.8986111111111109,0.751851851851852,0.9375,144
