citation_precision,citation_recall,f_measure,hit_at_k,n_queries
0.5863425925925926,0.8405092592592592,0.6555886243386244,0.875,144
