citation_precision,citation_recall,f_measure,hit_at_k,n_queries
0.5922453703703703,0.8523148148148149,0.6685515873015873,0.8958333333333334,144
