citation_precision,citation_recall,f_measure,hit_at_k,n_queries
0.5846064814814815,0.8127314814814814,0.6466600529100529,0.8472222222222222,144
