citation_precision,citation_recall,f_measure,hit_at_k,n_queries
0.7013888888888888,0.8951388888888889,0.7524305555555556,0.9375,144
