citation_precision,citation_recall,f_measure,hit_at_k,n_queries
0.6219879850088184,0.9303240740740741,0.6933474704308037,0.9652777777777778,144
