citation_precision,citation_recall,f_measure,hit_at_k,n_queries
0.5770833333333333,0.8335648148148148,0.6485119047619047,0.8680555555555556,144
