citation_precision,citation_recall,f_measure,hit_at_k,n_queries
0.6880787037037037,0.9055555555555556,0.7425099206349209,0.9583333333333334,144
