citation_precision,citation_recall,f_measure,hit_at_k,n_queries
0.685648148148148,0.8881944444444444,0.7406635802469137,0.9305555555555556,144
