citation_precision,citation_recall,f_measure,hit_at_k,n_queries
0.6976851851851851,0.8916666666666665,0.7508101851851854,0.9375,144
