citation_precision,citation_recall,f_measure,hit_at_k,n_queries
0.6920138888888888,0.8789351851851852,0.7430555555555557,0.9236111111111112,144
