citation_precision,citation_recall,f_measure,hit_at_k,n_queries
0.19305555555555515,0.8833333333333333,0.3127314814814818,0.9027777777777778,144
