citation_precision,citation_recall,f_measure,hit_at_k,n_queries
0.6997685185185185,0.8847222222222222,0.7505952380952381,0.9305555555555556,144
