citation_precision,citation_recall,f_measure,hit_at_k,n_queries
0.19166666666666626,0.8798611111111111,0.3107473544973548,0.8958333333333334,144
