citation_precision,citation_recall,f_measure,hit_at_k,n_queries
0.6364583333333332,0.8474537037037037,0.6915674603174603,0.8819444444444444,144
