citation_precision,citation_recall,f_measure,hit_at_k,n_queries
0.624537037037037,0.8581018518518518,0.6865079365079364,0.8958333333333334,144
