citation_precision,citation_recall,f_measure,hit_at_k,n_queries
0.6978009259259258,0.8789351851851852,0.7458498677248678,0.9236111111111112,144
