citation_precision,citation_recall,f_measure,hit_at_k,n_queries
0.7604166666666665,0.8384259259259259,0.778240740740741,0.8819444444444444,144
