citation_precision,citation_recall,f_measure,hit_at_k,n_queries
0.577777777777778,0.8571759259259258,0.6542989417989419,0.8958333333333334,144
