citation_precision,citation_recall,f_measure,hit_at_k,n_queries
0.48335537918871274,0.9090277777777777,0.5952385962802628,0.9444444444444444,144
