citation_precision,citation_recall,f_measure,hit_at_k,n_queries
0.6162037037037037,0.8523148148148149,0.6805114638447971,0.8888888888888888,144
