citation_precision,citation_recall,f_measure,hit_at_k,n_queries
0.5996968694885363,0.932175925925926,0.6846832950999617,0.9652777777777778,144
