citation_precision,citation_recall,f_measure,hit_at_k,n_queries
0.7116898148148146,0.8997685185185185,0.7626543209876545,0.9444444444444444,144
