citation_precision,citation_recall,f_measure,hit_at_k,n_queries
0.6608796296296294,0.8127314814814814,0.7041666666666667,0.8472222222222222,144
