citation_precision,citation_recall,f_measure,hit_at_k,n_queries
0.5846064814814816,0.8196759259259259,0.6517857142857144,0.8541666666666666,144
