citation_precision,citation_recall,f_measure,hit_at_k,n_queries
0.6377314814814815,0.8138888888888889,0.6897156084656086,0.8541666666666666,144
