citation_precision,citation_recall,f_measure,hit_at_k,n_queries
0.5811342592592594,0.8347222222222221,0.6576719576719576,0.8680555555555556,144
