citation_precision,citation_recall,f_measure,hit_at_k,n_queries
0.5863425925925926,0.8418981481481481,0.6572310405643739,0.8819444444444444,144
