citation_precision,citation_recall,f_measure,hit_at_k,n_queries
0.7167824074074072,0.8986111111111111,0.7653163580246914,0.9375,144
