citation_precision,citation_recall,f_measure,hit_at_k,n_queries
0.5991953262786597,0.9402777777777778,0.6840324413241081,0.9722222222222222,144
