citation_precision,citation_recall,f_measure,hit_at_k,n_queries
0.6108575837742506,0.9298611111111111,0.6901847381014048,0.9652777777777778,144
