citation_precision,citation_recall,f_measure,hit_at_k,n_queries
0.5888888888888889,0.8520833333333333,0.6624173280423282,0.8888888888888888,144
