citation_precision,citation_recall,f_measure,hit_at_k,n_queries
0.611226851851852,0.856712962962963,0.6802248677248677,0.8888888888888888,144
