citation_precision,citation_recall,f_measure,hit_at_k,n_queries
0.5916969797178133,0.9298611111111111,0.6769235008818342,0.9652777777777778,144
