citation_precision,citation_recall,f_measure,hit_at_k,n_queries
0.7152777777777777,0.8939814814814816,0.7620535714285716,0.9305555555555556,144
