citation_precision,citation_recall,f_measure,hit_at_k,n_queries
0.6806712962962963,0.8856481481481482,0.7359512786596121,0.9097222222222222,144
