citation_precision,citation_recall,f_measure,hit_at_k,n_queries
0.6974537037037036,0.8951388888888887,0.7502700617283952,0.9444444444444444,144
