citation_precision,citation_recall,f_measure,hit_at_k,n_queries
0.6865740740740739,0.8858796296296296,0.7407738095238097,0.9305555555555556,144
