citation_precision,citation_recall,f_measure,hit_at_k,n_queries
0.5987268518518518,0.8474537037037037,0.6673941798941797,0.8819444444444444,144
