citation_precision,citation_recall,f_measure,hit_at_k,n_queries
0.6136574074074074,0.8613425925925926,0.6809193121693122,0.8958333333333334,144
