citation_precision,citation_recall,f_measure,hit_at_k,n_queries
0.5890046296296297,0.8497685185185184,0.6593915343915344,0.8819444444444444,144
