citation_precision,citation_recall,f_measure,hit_at_k,n_queries
0.7557870370370369,0.8650462962962963,0.783101851851852,0.9097222222222222,144
