citation_precision,citation_recall,f_measure,hit_at_k,n_queries
0.5973379629629628,0.830324074074074,0.6620039682539682,0.8680555555555556,144
