citation_precision,citation_recall,f_measure,hit_at_k,n_queries
0.6052083333333333,0.837037037037037,0.6716435185185186,0.8680555555555556,144
