citation_precision,citation_recall,f_measure,hit_at_k,n_queries
0.5787037037037037,0.8405092592592592,0.6526785714285716,0.875,144
