citation_precision,citation_recall,f_measure,hit_at_k,n_queries
0.6067129629629631,0.8474537037037037,0.6739748677248678,0.8819444444444444,144
