citation_precision,citation_recall,f_measure,hit_at_k,n_queries
0.19305555555555515,0.8868055555555556,0.3130621693121696,0.9027777777777778,144
