citation_precision,citation_recall,f_measure,hit_at_k,n_queries
0.6736111111111112,0.8243055555555556,0.7157407407407408,0.8611111111111112,144
