citation_precision,citation_recall,f_measure,hit_at_k,n_queries
0.47845844356261047,0.9106481481481481,0.5922413620330286,0.9444444444444444,144
