citation_precision,citation_recall,f_measure,hit_at_k,n_queries
0.7557870370370369,0.8592592592592593,0.7812500000000003,0.9027777777777778,144
