citation_precision,citation_recall,f_measure,hit_at_k,n_queries
0.6850694444444444,0.8789351851851852,0.7378858024691359,0.9236111111111112,144
