citation_precision,citation_recall,f_measure,hit_at_k,n_queries
0.6871527777777777,0.8789351851851852,0.7393463403880071,0.9236111111111112,144
