citation_precision,citation_recall,f_measure,hit_at_k,n_queries
0.7028935185185184,0.8870370370370371,0.753587962962963,0.9305555555555556,144
