citation_precision,citation_recall,f_measure,hit_at_k,n_queries
0.6763888888888888,0.8763888888888888,0.7328703703703705,0.9097222222222222,144
