citation_precision,citation_recall,f_measure,hit_at_k,n_queries
0.7465277777777776,0.8569444444444445,0.7745535714285716,0.9097222222222222,144
