citation_precision,citation_recall,f_measure,hit_at_k,n_queries
0.6077546296296297,0.856712962962963,0.6766369047619049,0.8958333333333334,144
