citation_precision,citation_recall,f_measure,hit_at_k,n_queries
0.7097222222222221,0.9067129629629629,0.7614748677248682,0.9513888888888888,144
