citation_precision,citation_recall,f_measure,hit_at_k,n_queries
0.5916666666666668,0.8300925925925926,0.657638888888889,0.8680555555555556,144
