citation_precision,citation_recall,f_measure,hit_at_k,n_queries
0.5831018518518518,0.8706018518518518,0.6598544973544973,0.9097222222222222,144
