citation_precision,citation_recall,f_measure,hit_at_k,n_queries
0.6648148148148149,0.874074074074074,0.7236276455026456,0.9097222222222222,144
