citation_precision,citation_recall,f_measure,hit_at_k,n_queries
0.6666666666666665,0.8138888888888889,0.707308201058201,0.8472222222222222,144
