citation_precision,citation_recall,f_measure,hit_at_k,n_queries
0.608449074074074,0.8418981481481481,0.6733796296296297,0.8819444444444444,144
