citation_precision,citation_recall,f_measure,hit_at_k,n_queries
0.5993055555555555,0.8543981481481482,0.668882275132275,0.8888888888888888,144
