citation_precision,citation_recall,f_measure,hit_at_k,n_queries
0.6965277777777777,0.8974537037037038,0.7528163580246914,0.9375,144
