citation_precision,citation_recall,f_measure,hit_at_k,n_queries
0.5884259259259259,0.8474537037037037,0.6636904761904764,0.8819444444444444,144
