citation_precision,citation_recall,f_measure,hit_at_k,n_queries
0.6562499999999999,0.805787037037037,0.6993055555555556,0.8402777777777778,144
