citation_precision,citation_recall,f_measure,hit_at_k,n_queries
0.6075231481481481,0.8509259259259259,0.6751322751322751,0.8819444444444444,144
