citation_precision,citation_recall,f_measure,hit_at_k,n_queries
0.6153935185185184,0.8731481481481481,0.6836309523809524,0.9097222222222222,144
