citation_precision,citation_recall,f_measure,hit_at_k,n_queries
0.595601851851852,0.8462962962962962,0.6659060846560848,0.8819444444444444,144
