citation_precision,citation_recall,f_measure,hit_at_k,n_queries
0.5945601851851853,0.8523148148148149,0.6672453703703703,0.8888888888888888,144
