citation_precision,citation_recall,f_measure,hit_at_k,n_queries
0.6150462962962964,0.8581018518518518,0.6824625220458556,0.9027777777777778,144
