citation_precision,citation_recall,f_measure,hit_at_k,n_queries
0.712847222222222,0.8858796296296296,0.7592592592592593,0.9305555555555556,144
