citation_precision,citation_recall,f_measure,hit_at_k,n_queries
0.6157407407407407,0.8393518518518518,0.6803571428571428,0.8680555555555556,144
