citation_precision,citation_recall,f_measure,hit_at_k,n_queries
0.48193342151675495,0.8951388888888887,0.5907679511846178,0.9236111111111112,144
