citation_precision,citation_recall,f_measure,hit_at_k,n_queries
0.46218033509700196,0.8986111111111109,0.576834469542803,0.9305555555555556,144
