citation_precision,citation_recall,f_measure,hit_at_k,n_queries
0.6107638888888888,0.8523148148148149,0.6766203703703705,0.8888888888888888,144
