citation_precision,citation_recall,f_measure,hit_at_k,n_queries
0.7020833333333332,0.8824074074074074,0.7510582010582011,0.9305555555555556,144
