citation_precision,citation_recall,f_measure,hit_at_k,n_queries
0.7557870370370369,0.8523148148148149,0.7796296296296298,0.8958333333333334,144
