citation_precision,citation_recall,f_measure,hit_at_k,n_queries
0.6863425925925926,0.8905092592592594,0.7439208553791888,0.9305555555555556,144
