citation_precision,citation_recall,f_measure,hit_at_k,n_queries
0.4728973765432101,0.8916666666666665,0.5811232363315695,0.9305555555555556,144
