citation_precision,citation_recall,f_measure,hit_at_k,n_queries
0.5858796296296297,0.837037037037037,0.6532407407407409,0.875,144
