citation_precision,citation_recall,f_measure,hit_at_k,n_queries
0.5997685185185184,0.8581018518518518,0.6728725749559082,0.8958333333333334,144
