citation_precision,citation_recall,f_measure,hit_at_k,n_queries
0.7523148148148148,0.8615740740740742,0.7805555555555558,0.9027777777777778,144
