citation_precision,citation_recall,f_measure,hit_at_k,n_queries
0.5973379629629629,0.8581018518518518,0.6682870370370372,0.8958333333333334,144
