citation_precision,citation_recall,f_measure,hit_at_k,n_queries
0.19027777777777735,0.8810185185185184,0.30934193121693154,0.9097222222222222,144
